,MAE,RMSE,R2
LinearRegression,7.416721498967975,9.571498253368624,0.7740849496214879
RandomForest,7.292171942225427,9.53899531973813,0.7756166710231182
GradientBoosting,7.16186697580946,9.502778547617265,0.777317272137809
